id,name,age,email
1,Rick Wisozk,46,emerson.johns@gmail.com
2,Stanley Heaney,66,reuben.shanahan@yahoo.com
3,Jenice Hermiston,37,hank.reinger@hotmail.com
4,Vina Hintz,27,wendy.leuschke@gmail.com
5,Laurinda Klein,18,thaddeus.dietrich@hotmail.com
6,Melvina Anderson,42,lindsy.gleason@yahoo.com
7,Shad Beer DVM,56,ilana.homenick@hotmail.com
8,Gregorio Romaguera,25,noah.renner@yahoo.com
9,Anthony Waelchi,59,ronny.botsford@yahoo.com
10,Molly Morar,40,winfred.bernier@gmail.com
11,Broderick Gottlieb,52,rhona.armstrong@hotmail.com
12,Bennie Homenick,29,anibal.jerde@gmail.com
13,Tabatha Corwin,70,joesph.tromp@hotmail.com
14,Winona Schowalter I,60,eddy.zemlak@hotmail.com
15,Amiee Pagac,47,dwain.wiegand@yahoo.com
16,Leandro Toy Sr.,35,orlando.grimes@hotmail.com
17,Ray Wolff,53,jona.lesch@yahoo.com
18,Waylon Lesch DDS,53,yon.marks@gmail.com
19,Dr. Wynona Marvin,73,josue.wilkinson@yahoo.com
20,Damon Shields,43,harold.mayer@hotmail.com
21,Mr. Stanton Nolan,26,vincent.wolf@gmail.com
22,Reed Hermann,59,charles.crona@gmail.com
23,Gina Daniel,40,lawana.mann@yahoo.com
24,Dagny Marquardt,30,celeste.thiel@hotmail.com
25,Clelia Kertzmann,28,shira.beatty@gmail.com
26,Donette Treutel II,32,teddy.kozey@yahoo.com
27,Melodi Olson,23,chadwick.pouros@hotmail.com
28,Kayleigh Kuvalis,61,bradley.reichel@yahoo.com
29,Arnold Von,35,cleveland.nicolas@yahoo.com
30,Brett Renner,46,debi.beier@hotmail.com
31,Novella Brakus Sr.,46,goldie.wolf@yahoo.com
32,Israel Roob,60,jordan.prohaska@hotmail.com
33,Herbert VonRueden PhD,35,yolando.bernhard@yahoo.com
34,Ms. Aline Satterfield,46,lea.mueller@gmail.com
35,Huong Kemmer,70,amos.walker@hotmail.com
36,Tierra Cartwright,48,aldo.kiehn@gmail.com
37,Mrs. Bobbie Bechtelar,54,charlena.murphy@gmail.com
38,Lai Wunsch Sr.,72,kyle.bins@yahoo.com
39,Micheal Altenwerth,47,tish.hermiston@hotmail.com
40,Parker Quitzon MD,38,erich.hyatt@yahoo.com
41,Wes Donnelly,43,tommie.frami@hotmail.com
42,Lina Fahey,65,syble.abernathy@yahoo.com
43,Asha Effertz,23,krystyna.hartmann@hotmail.com
44,Franklyn Wuckert,70,berta.kulas@gmail.com
45,Mrs. Chanel Zemlak,37,brittanie.torp@yahoo.com
46,Mr. Lyle Kunde,21,shantelle.bogan@gmail.com
47,Lane O'Kon,31,corey.wyman@hotmail.com
48,William Rath II,42,daniel.kub@yahoo.com
49,Rueben Yost IV,54,tracey.jacobs@yahoo.com
50,Shaquana Price,41,celine.conn@yahoo.com
51,Eldridge Nitzsche,72,leon.schimmel@yahoo.com
52,Taylor Schiller,54,barrett.leannon@hotmail.com
53,Barrett Volkman,22,nicolas.kshlerin@gmail.com
54,Tamar Becker DVM,73,shaunte.streich@yahoo.com
55,Alexia Prohaska,70,sergio.heaney@gmail.com
56,Margo Ward Jr.,71,cliff.grant@yahoo.com
57,Porter Herzog,30,odelia.wisoky@gmail.com
58,Logan Miller,38,seth.kreiger@yahoo.com
59,Dorinda Romaguera IV,43,elliott.hermiston@hotmail.com
60,Lon O'Hara,33,georgetta.murazik@yahoo.com
61,Ms. Kimberley Little,36,alverta.damore@gmail.com
62,Dan Gerlach II,59,minh.mosciski@gmail.com
63,Refugia Oberbrunner,55,iraida.torphy@gmail.com
64,Ms. Lindsay Wilderman,37,horace.kemmer@gmail.com
65,Jacki Kulas,54,korey.smitham@hotmail.com
66,Mrs. Carson Fisher,52,alejandro.herzog@gmail.com
67,Hiram Jacobson,18,chelsea.armstrong@hotmail.com
68,Tish Murazik,27,alexander.kutch@hotmail.com
69,Pete Murazik III,27,cyrstal.nolan@gmail.com
70,Dr. Andy Nader,46,gil.greenholt@yahoo.com
71,Caryn Christiansen,62,eldora.dietrich@gmail.com
72,Ms. Juliane Pollich,29,myles.torp@yahoo.com
73,Miss Reynaldo Kiehn,71,denise.hayes@yahoo.com
74,Lino Beahan Jr.,68,karma.mcglynn@hotmail.com
75,Ms. Leigh Rohan,35,jeramy.goyette@gmail.com
76,Hans Boyer,39,francesco.olson@gmail.com
77,Whitney Walter,24,hassan.volkman@hotmail.com
78,Tamisha Morar,37,enoch.ritchie@gmail.com
79,Ronald Nikolaus IV,47,chris.heathcote@gmail.com
80,Delcie Larson III,45,clayton.gorczany@gmail.com
81,Lisandra Fay II,49,glinda.cummerata@gmail.com
82,Tom Ortiz,47,svetlana.miller@hotmail.com
83,Dodie Huels PhD,37,antwan.wunsch@yahoo.com
84,Lemuel Rippin,42,bryan.stehr@gmail.com
85,Ms. Rachal Moore,53,tonia.lakin@hotmail.com
86,Haywood Collins,40,arlen.rolfson@gmail.com
87,Mr. Nakisha Hagenes,70,laila.feeney@gmail.com
88,Azzie Kozey MD,72,rachel.howell@gmail.com
89,Delana Brekke,24,israel.robel@yahoo.com
90,Miss Donna Leffler,42,royal.schmeler@hotmail.com
91,Andre Padberg,51,kirk.bernier@gmail.com
92,Digna Gottlieb,38,charlotte.ortiz@yahoo.com
93,Scotty Weber,21,christene.fahey@yahoo.com
94,Enrique Mayer,71,rosalee.breitenberg@gmail.com
95,Kathern Terry V,47,margarito.steuber@hotmail.com
96,Charley Rowe,31,stacy.willms@gmail.com
97,Freddie Herzog,65,nanci.thompson@hotmail.com
98,Xavier Kihn,18,rogelio.kuphal@hotmail.com
99,Kirk Nicolas,40,ruth.ziemann@gmail.com
100,Mike Douglas Jr.,34,mathilda.bins@yahoo.com
101,Chae Hessel,19,kerry.kemmer@gmail.com
102,Zola Becker,53,tomoko.kihn@yahoo.com
103,Kerry Armstrong,61,terrance.stamm@hotmail.com
104,Dr. Nathanael Stokes,38,lowell.dickinson@yahoo.com
105,Kiana Gutmann,35,wade.hermann@hotmail.com
106,Alfonzo Gleason,36,ema.blick@gmail.com
107,Gladis Pollich,73,max.mcglynn@hotmail.com
108,Mr. Ulysses Langworth,51,alease.russel@hotmail.com
109,Detra Hamill,56,hank.spinka@gmail.com
110,Elise Jakubowski,29,marni.rowe@gmail.com
111,Ms. Lorinda Douglas,55,long.zemlak@gmail.com
112,Randell Altenwerth,48,zulma.mann@hotmail.com
113,Dale MacGyver III,65,phil.runte@gmail.com
114,Cyril Windler,60,gus.schmidt@gmail.com
115,Rayford D'Amore III,63,edwin.cummings@yahoo.com
116,Rosario Lueilwitz,49,hershel.jones@hotmail.com
117,Shaniqua Deckow,48,emery.shanahan@yahoo.com
118,Mrs. Krista Satterfield,38,val.jerde@gmail.com
119,Frank McLaughlin,63,perry.okeefe@yahoo.com
120,Deetta Dooley,46,kaila.bergnaum@gmail.com
121,Lesley Mosciski,62,dario.macejkovic@yahoo.com
122,Salvatore Macejkovic,28,lacy.kilback@yahoo.com
123,Mr. Jacquie Christiansen,47,lou.fay@yahoo.com
124,Stephenie Boyer IV,33,euna.haag@yahoo.com
125,Delmer Schoen,48,antonia.schinner@hotmail.com
126,Hermelinda McClure,44,russell.wiegand@gmail.com
127,Deandre Heidenreich,30,alberto.ankunding@yahoo.com
128,Mr. Brande Waelchi,51,zack.barton@hotmail.com
129,Tora Schmidt,56,quintin.willms@hotmail.com
130,Genesis Hand,49,orlando.lakin@gmail.com
131,Neville Conroy DVM,28,pasty.hodkiewicz@hotmail.com
132,Catherine Nolan,29,dwain.parker@gmail.com
133,Reginald Lakin,34,titus.gleason@hotmail.com
134,Cami Hauck,59,merlin.langworth@gmail.com
135,Charlette Terry,43,ian.olson@gmail.com
136,Carlyn Kertzmann,53,hayley.wiza@hotmail.com
137,Trista Hickle,65,lakita.price@hotmail.com
138,Mr. Velvet Romaguera,65,kieth.welch@yahoo.com
139,Thomas Marquardt,22,cristobal.metz@yahoo.com
140,Laverne Keeling,49,elijah.dicki@gmail.com
141,Ignacio Rogahn PhD,27,mohammed.jacobi@gmail.com
142,Carita Satterfield,59,kelsi.dickens@hotmail.com
143,Mrs. Benito Turcotte,27,rae.weimann@gmail.com
144,Krysta Senger,33,kendall.jacobi@yahoo.com
145,Marna Jacobson,48,meridith.abshire@gmail.com
146,Wilfred Cassin,39,amy.crona@yahoo.com
147,Mr. Torrie Kling,41,gregorio.murray@yahoo.com
148,Brent Roberts,25,anastasia.strosin@yahoo.com
149,Miss Chasidy Romaguera,66,kindra.wehner@hotmail.com
150,Dante Marquardt,69,katina.schmeler@hotmail.com
151,Miguel Hayes,40,tommie.reinger@hotmail.com
152,Hank Hickle,41,ashley.hyatt@gmail.com
153,Bula O'Conner DDS,19,evalyn.ziemann@hotmail.com
154,Len Hintz,56,antionette.green@hotmail.com
155,Bo King Sr.,33,pete.farrell@gmail.com
156,Harland Blanda,43,franklyn.huels@gmail.com
157,Hilma Becker,57,arron.west@yahoo.com
158,Johanne Okuneva Jr.,23,houston.price@yahoo.com
159,Precious Hirthe,51,valencia.blanda@yahoo.com
160,Doretha Jacobson IV,40,hana.bednar@gmail.com
161,Palma D'Amore Sr.,63,delinda.dibbert@gmail.com
162,Aundrea Lehner,53,august.ohara@hotmail.com
163,Lisha Rau,70,cameron.predovic@yahoo.com
164,Mitsue Klein,46,stephany.upton@yahoo.com
165,Ms. Manuel Metz,30,matt.armstrong@hotmail.com
166,Palmer Wisozk,61,mitchel.spinka@yahoo.com
167,Kevin Purdy,64,titus.halvorson@yahoo.com
168,Benito Kuhlman,64,anglea.von@yahoo.com
169,Tayna Lemke DVM,19,ciara.kulas@hotmail.com
170,Donn Willms,60,ellyn.zieme@hotmail.com
171,Miss Isaiah Leannon,22,lakia.streich@yahoo.com
172,Shay O'Keefe I,39,alejandro.kertzmann@gmail.com
173,Arlie Shanahan Jr.,19,geraldo.hegmann@yahoo.com
174,Joe Cormier V,56,reinaldo.rutherford@hotmail.com
175,Roberto Reichel,66,june.kunze@gmail.com
176,Lieselotte Nienow,44,keenan.beer@yahoo.com
177,Keira Kovacek Jr.,48,shizuko.gaylord@yahoo.com
178,Jeffrey Rutherford,71,un.adams@gmail.com
179,Angelena Von,33,monte.gerhold@hotmail.com
180,Maple Leffler,70,martine.lubowitz@yahoo.com
181,Tennille Wisozk,29,jeffery.johns@yahoo.com
182,Arminda Considine,23,lajuana.bode@hotmail.com
183,Venetta Gleichner,42,nolan.sauer@gmail.com
184,Mr. Jacquline Dach,57,leonel.schimmel@hotmail.com
185,Enda Mills I,35,dino.windler@yahoo.com
186,Lloyd Bednar,51,gavin.predovic@hotmail.com
187,Giuseppina Wintheiser,32,zack.hudson@yahoo.com
188,Mitzi McLaughlin,37,jacques.erdman@hotmail.com
189,Jennifer Koelpin,30,delisa.gislason@yahoo.com
190,Monte Bailey,32,james.kertzmann@yahoo.com
191,Maritza Hansen,44,shelly.gusikowski@gmail.com
192,Ester Reichert III,56,gordon.gusikowski@gmail.com
193,Yevette Runolfsdottir,26,minh.kassulke@gmail.com
194,Oscar Kulas,35,johnsie.hilpert@gmail.com
195,Rayford Bashirian,57,russ.kub@gmail.com
196,Leonida McCullough,52,debera.koss@hotmail.com
197,Merle Waters,40,vanessa.hyatt@yahoo.com
198,Federico Ullrich,70,nanci.roberts@gmail.com
199,Karey Pouros,72,catheryn.mcclure@gmail.com
200,Marquis Hammes,62,tajuana.feeney@gmail.com
201,Jacqulyn MacGyver Sr.,38,norberto.hessel@yahoo.com
202,Rex Witting,53,sena.heller@hotmail.com
203,Rubin Satterfield,27,doug.pagac@gmail.com
204,Zack Orn,36,hugh.torphy@yahoo.com
205,Rickey Ferry IV,28,lekisha.olson@gmail.com
206,Verdell Auer,30,maximina.kohler@gmail.com
207,Wes Hammes,70,reuben.hermann@gmail.com
208,Zora Ruecker,60,jordan.streich@yahoo.com
209,Janene Ankunding,59,douglas.oreilly@gmail.com
210,Vito Green,70,antoine.legros@gmail.com
211,Loralee Waters,47,judith.swift@yahoo.com
212,Charise Jerde,72,guadalupe.mcglynn@yahoo.com
213,Gale Champlin,49,erna.funk@yahoo.com
214,Caleb Koepp,34,jan.bednar@hotmail.com
215,Celinda Barton,63,elda.kohler@gmail.com
216,Marissa VonRueden,38,eli.goldner@yahoo.com
217,Lynn Schowalter,62,bud.larkin@yahoo.com
218,Ismael Berge MD,71,myles.muller@gmail.com
219,Mrs. Sam Hammes,34,pablo.hodkiewicz@hotmail.com
220,Arlen Ankunding,20,marsha.funk@yahoo.com
221,Mr. Tereasa Little,35,cecil.gerlach@hotmail.com
222,Mr. Reuben Collins,51,damaris.russel@gmail.com
223,Ms. Newton Bradtke,40,arica.greenholt@hotmail.com
224,Felisa Graham,70,tomi.kuhlman@gmail.com
225,Tuan Gleichner,43,tran.wyman@gmail.com
226,Miss Samual Turcotte,27,timmy.johnson@hotmail.com
227,Mrs. Benedict Satterfield,33,booker.wolf@gmail.com
228,Mrs. Mona Oberbrunner,69,tory.braun@gmail.com
229,Jerald Gottlieb,68,tula.kassulke@gmail.com
230,Elliott Hegmann,35,waneta.luettgen@gmail.com
231,Dylan Hodkiewicz,29,lisette.jaskolski@gmail.com
232,Lowell Heathcote MD,21,digna.lehner@hotmail.com
233,Logan Morissette,67,lupe.kiehn@yahoo.com
234,Miss Gail Harvey,43,winfred.franecki@hotmail.com
235,Cammy Cummings,34,georgine.heaney@yahoo.com
236,Autumn Predovic,24,fred.greenholt@gmail.com
237,Rhett Lakin,71,nickolas.gutmann@gmail.com
238,Isreal Dicki Jr.,31,lamar.prohaska@yahoo.com
239,Adrian Hodkiewicz,20,emmett.langosh@hotmail.com
240,Cody Watsica,56,gary.pacocha@hotmail.com
241,Jimmy Champlin MD,49,vanna.gislason@hotmail.com
242,Mrs. Dell Weissnat,60,santo.goodwin@hotmail.com
243,Ms. Librada Moen,64,lonny.runolfsson@yahoo.com
244,Madeleine Spinka III,63,austin.jerde@yahoo.com
245,Mrs. Felicitas Boyle,58,ashlyn.legros@hotmail.com
246,Altha Wisozk,42,colton.grant@yahoo.com
247,Jeanine Maggio,58,ian.cruickshank@gmail.com
248,Silas McGlynn,51,mel.wehner@gmail.com
249,Tiana Braun,55,august.graham@yahoo.com
250,Tyrone Schinner I,19,kenna.kshlerin@gmail.com
251,Marcos Purdy,55,carrol.christiansen@gmail.com
252,Pat Gulgowski,51,sydney.gottlieb@gmail.com
253,Miss Booker Donnelly,51,donald.price@yahoo.com
254,Wilber Stehr,50,tracey.wehner@yahoo.com
255,Denyse Boehm DVM,21,billie.adams@yahoo.com
256,Humberto Quitzon,27,garrett.oberbrunner@hotmail.com
257,Yuk Hilpert,55,hassan.gibson@gmail.com
258,Florencio Lindgren III,19,jenniffer.kihn@gmail.com
259,Jerry Casper,29,brooks.beahan@hotmail.com
260,Lakia Berge,33,cody.cruickshank@hotmail.com
261,Drew Ward,56,roman.schoen@hotmail.com
262,Jona Marquardt,40,kimberely.satterfield@yahoo.com
263,Alexis Grant PhD,21,jamila.rath@yahoo.com
264,Tanner Streich,46,marissa.nader@gmail.com
265,Alton Hintz,21,norma.dubuque@yahoo.com
266,Ronnie Pagac,45,tanesha.heller@hotmail.com
267,Mr. Earleen Graham,56,iris.feeney@gmail.com
268,Miss Milissa Bradtke,23,nana.beer@gmail.com
269,Miss Scott Grimes,24,gudrun.roberts@hotmail.com
270,Joaquin Schmeler PhD,49,hunter.lueilwitz@hotmail.com
271,Pedro Halvorson,35,noella.wisozk@yahoo.com
272,Meagan Heidenreich,50,crystle.mante@hotmail.com
273,Amos Homenick,23,brittaney.schmidt@hotmail.com
274,Georgiann Lemke,20,delmar.hoeger@yahoo.com
275,Tristan Blanda DDS,23,jeffrey.gaylord@yahoo.com
276,Ka Gulgowski,52,marianela.reichert@gmail.com
277,Kellee Sawayn,72,gale.grimes@hotmail.com
278,Shirlee Adams,53,elizabeth.hudson@hotmail.com
279,Miss Eun Wiegand,59,catharine.kshlerin@hotmail.com
280,Julissa O'Reilly,70,darcy.koss@gmail.com
281,Dion Torp,41,genia.rempel@yahoo.com
282,Isaias Gutmann,31,audrea.smith@yahoo.com
283,Madelaine Murazik,29,karleen.olson@hotmail.com
284,Herschel Stiedemann,50,manual.padberg@yahoo.com
285,Lovella Oberbrunner,22,deidra.towne@yahoo.com
286,Jerrold Batz,27,sammy.beatty@hotmail.com
287,Ms. Abby Nader,50,jordan.tillman@gmail.com
288,Ms. Dino Bins,48,lucina.ledner@gmail.com
289,Tom O'Hara,25,cletus.parker@gmail.com
290,Lena Streich,54,nicky.treutel@hotmail.com
291,Carmon Medhurst,40,santo.ullrich@hotmail.com
292,Josefine Monahan,72,jamal.wunsch@gmail.com
293,Jamel Armstrong II,24,loyd.considine@gmail.com
294,Bryanna Kilback III,69,brandee.cartwright@hotmail.com
295,Carol D'Amore Sr.,43,vincenza.williamson@hotmail.com
296,Terence Jones,21,jc.oconnell@hotmail.com
297,Breana Leuschke II,71,jared.hermann@hotmail.com
298,Gwenn Bergstrom,65,kerry.mccullough@hotmail.com
299,Edgar Denesik,37,cole.walker@yahoo.com
300,Emery Ortiz,62,louie.beer@gmail.com
301,Patti Towne DVM,65,melinda.welch@hotmail.com
302,Garfield Russel,67,dallas.koepp@yahoo.com
303,Lorie Emard,39,timothy.prohaska@yahoo.com
304,Hai Champlin,41,margurite.becker@hotmail.com
305,Lakesha Morar DVM,38,guy.price@yahoo.com
306,Kiara O'Kon,45,nia.heaney@yahoo.com
307,Soo Kozey,46,zoraida.howell@gmail.com
308,Janise Abshire,35,tamela.collins@yahoo.com
309,Jessica Kuphal,32,felecia.bechtelar@hotmail.com
310,Dr. Michel Trantow,20,pablo.zieme@hotmail.com
311,Miss Isabella Renner,57,shayna.bogan@gmail.com
312,Alejandra Bartoletti,19,josiah.cormier@gmail.com
313,Melissa Veum,60,eleanora.rippin@yahoo.com
314,Tanisha Murazik,71,wyatt.nolan@yahoo.com
315,Cathy Witting,45,martine.keebler@yahoo.com
316,Earle Reynolds,27,reuben.streich@hotmail.com
317,Lynwood Robel,62,edie.armstrong@hotmail.com
318,Yoko Turcotte,21,noah.smith@gmail.com
319,Virgil Littel,35,colby.roberts@yahoo.com
320,Ms. Antione Prosacco,31,hertha.streich@yahoo.com
321,Miss Maida Stracke,67,erminia.grady@hotmail.com
322,Jeremy Schiller,56,lauran.ernser@hotmail.com
323,Ressie Schulist,60,sharlene.beahan@yahoo.com
324,Paige Abshire,64,aubrey.dickinson@hotmail.com
325,Sebrina Adams,66,rayford.lebsack@hotmail.com
326,Lakisha Murazik,34,jackson.wilderman@yahoo.com
327,Miss Warner Considine,42,keneth.kovacek@yahoo.com
328,Livia Kuhlman,64,mauricio.cronin@hotmail.com
329,Rudy Hettinger,50,katelyn.watsica@gmail.com
330,Miss Elsy Adams,51,dorene.romaguera@yahoo.com
331,Dennis Harber,27,lon.batz@hotmail.com
332,Jamel Ratke DDS,22,angelia.russel@yahoo.com
333,Rick Hodkiewicz V,27,deonna.kessler@hotmail.com
334,Nadine Kautzer,23,karole.haag@hotmail.com
335,Millard Langosh,26,gertude.pagac@gmail.com
336,Faustino Heller,34,ivy.zemlak@hotmail.com
337,Sheldon Altenwerth,33,laurena.schumm@gmail.com
338,Olevia Schmeler,47,ivy.gorczany@hotmail.com
339,Robt Gottlieb II,51,peter.hoppe@yahoo.com
340,Ms. Jamaal Monahan,48,annika.west@gmail.com
341,Carissa Bradtke,53,darryl.walter@yahoo.com
342,Dirk Daugherty DVM,70,sima.hermann@gmail.com
343,Hosea Lowe,43,berniece.zulauf@gmail.com
344,Magaret Rolfson,36,sumiko.ortiz@gmail.com
345,Dalene Ziemann,55,rey.gleason@hotmail.com
346,Reba Ernser,27,jacinta.dach@gmail.com
347,Cherly Sawayn,38,dalia.kuhlman@yahoo.com
348,Ira Hane MD,65,toney.homenick@hotmail.com
349,Mr. Darrin Crist,49,eliz.langosh@gmail.com
350,Mrs. Jefferey Monahan,50,clay.mante@gmail.com
351,Andres Hartmann,33,armida.damore@hotmail.com
352,Mirna Jacobs,27,terry.gaylord@hotmail.com
353,Rusty Hettinger,21,esteban.bruen@yahoo.com
354,Clement Huels,59,marco.lesch@hotmail.com
355,Giovanni McGlynn,28,audie.feil@gmail.com
356,Ted Herman,72,leonardo.hackett@gmail.com
357,Jeffery Rolfson IV,37,dusty.gislason@hotmail.com
358,Samual Pouros,19,exie.okon@hotmail.com
359,Ms. Keila Carter,73,dorcas.heathcote@gmail.com
360,Quentin Hegmann,37,delphine.aufderhar@hotmail.com
361,Sterling Russel,52,blair.hagenes@gmail.com
362,Trent Casper Sr.,40,marquis.shanahan@hotmail.com
363,Dessie Skiles,36,darren.klocko@gmail.com
364,Willy Larkin,67,shannon.kreiger@gmail.com
365,Rico Emard,65,keva.bernhard@yahoo.com
366,Michel Sawayn,52,shirlene.treutel@gmail.com
367,Fatimah Ankunding,59,clement.stiedemann@gmail.com
368,Miss Shaquita Smith,57,kizzy.kozey@hotmail.com
369,Micheal Hickle,70,antony.ledner@gmail.com
370,Yetta Blick,28,renea.becker@gmail.com
371,Jacinto Towne,69,emmaline.hodkiewicz@yahoo.com
372,Lucio Jacobson,32,neal.bahringer@yahoo.com
373,Velvet Watsica,23,sue.keebler@hotmail.com
374,Reita West V,46,piper.luettgen@gmail.com
375,Chas Mitchell,45,cletus.yundt@hotmail.com
376,Marilu Dooley,41,felice.buckridge@yahoo.com
377,Adah Koch,29,kasi.corkery@yahoo.com
378,Fred Olson PhD,48,lesha.lehner@gmail.com
379,Shay Moore,56,janita.hansen@yahoo.com
380,Jordon Weissnat Jr.,20,jordan.rice@gmail.com
381,Galen Huels,23,ellis.hills@yahoo.com
382,Bryce Hyatt,39,irvin.keeling@yahoo.com
383,Errol Kiehn DVM,37,lidia.metz@yahoo.com
384,Kathrin Weber,56,gwyneth.cassin@hotmail.com
385,Moshe Barrows,73,sheri.considine@hotmail.com
386,Claribel Bins,30,yun.johns@hotmail.com
387,Erik Murazik Jr.,23,jack.kirlin@yahoo.com
388,Mrs. Freddie Jacobs,20,enola.russel@gmail.com
389,Cary Pouros,51,jerome.beahan@gmail.com
390,Margie Bayer,45,kati.lindgren@hotmail.com
391,Loreen Marvin,48,graig.nitzsche@yahoo.com
392,Andre Walter,41,josie.farrell@yahoo.com
393,Antonio Crona DDS,19,cyndi.kshlerin@hotmail.com
394,Brice Mraz,69,tyron.west@gmail.com
395,Kaitlin Bernier,46,rex.leannon@gmail.com
396,Mr. Vertie Nader,44,brenton.rutherford@hotmail.com
397,Roselia Windler DDS,44,ela.grimes@hotmail.com
398,Linwood Brakus,42,francesco.rolfson@gmail.com
399,Ms. Donald Walter,60,maryrose.little@hotmail.com
400,Timmy Rath V,24,nathanael.skiles@yahoo.com
401,Letha Treutel,56,brian.wisozk@yahoo.com
402,Alta Connelly,70,jerrold.braun@yahoo.com
403,Lean Kiehn,67,denis.berge@yahoo.com
404,Dr. Refugio Padberg,21,leonard.considine@yahoo.com
405,Ms. Kenton Sporer,39,saul.kuhic@hotmail.com
406,Monroe Balistreri,69,eveline.roberts@hotmail.com
407,Daina Considine,49,magdalena.skiles@gmail.com
408,Tova Collins,18,rolando.klein@hotmail.com
409,Arnulfo Dach,65,billie.jacobson@gmail.com
410,Isis Prosacco,28,frances.leffler@hotmail.com
411,Ms. Laurene Jacobi,39,claretha.weissnat@gmail.com
412,Mrs. Noe Baumbach,40,wm.hegmann@yahoo.com
413,Miss Dorethea Crona,63,lucienne.collier@gmail.com
414,Douglass Greenholt,66,don.ruecker@gmail.com
415,Milo O'Keefe,73,irvin.king@hotmail.com
416,Arlie Hudson,44,linwood.wisoky@gmail.com
417,Miss Lashunda Moen,65,tricia.fritsch@yahoo.com
418,Paul Ullrich,69,lucila.armstrong@gmail.com
419,Afton Dooley,42,breann.legros@hotmail.com
420,Corliss Miller,41,travis.rutherford@gmail.com
421,Terence Price Sr.,43,lexie.sanford@gmail.com
422,Stefani Emard,46,shannon.tillman@gmail.com
423,Betsey Nader,38,salena.feest@yahoo.com
424,Ericka Kunze,26,vennie.doyle@hotmail.com
425,Krissy Green II,34,augustus.borer@hotmail.com
426,Kieth Nicolas,61,terrence.rutherford@hotmail.com
427,Bill Pollich Jr.,46,myron.kuphal@hotmail.com
428,Miss Tianna Hoeger,71,yevette.reichel@gmail.com
429,Ms. Julian Friesen,27,karl.sauer@yahoo.com
430,Mr. Billy Toy,19,joey.heller@hotmail.com
431,Chas Fritsch,65,migdalia.wisozk@yahoo.com
432,Byron Keeling III,37,kristopher.zemlak@gmail.com
433,Ms. Elden Ullrich,72,sebastian.hills@gmail.com
434,Neal Grimes,35,rayford.berge@gmail.com
435,Georgie Kunze,69,blake.franecki@hotmail.com
436,Ms. Eleanora Gottlieb,31,carin.greenfelder@gmail.com
437,Cheryle Conroy,45,gianna.greenfelder@yahoo.com
438,Leona Bahringer,72,venetta.dicki@gmail.com
439,Lorene Kris,42,sergio.murray@yahoo.com
440,Jeffry Lowe,61,moses.ledner@gmail.com
441,Emelia Stanton II,49,ambrose.cole@yahoo.com
442,Wilbur Marks PhD,19,nidia.bartoletti@gmail.com
443,Hilton McCullough,30,nathanael.lebsack@yahoo.com
444,Daniel Bayer,71,nakisha.bernhard@hotmail.com
445,Mrs. Deadra Feil,46,emiko.cummerata@yahoo.com
446,Jamison Dickinson,62,gerry.hyatt@gmail.com
447,Roxane Stokes,68,joey.gorczany@hotmail.com
448,Justin Bogisich,20,madison.abernathy@hotmail.com
449,Jeanie Metz Sr.,53,rueben.conn@gmail.com
450,Ms. Kirby Conroy,50,carmelita.doyle@hotmail.com
451,Robena Moen,56,norma.towne@hotmail.com
452,Jimmy Jerde,47,caron.romaguera@yahoo.com
453,Cherry Hermann I,42,pablo.turner@yahoo.com
454,Lenny Jast,71,dennis.wolf@yahoo.com
455,Miriam Ward,40,jamie.senger@yahoo.com
456,Miss Wilbur Klein,49,clorinda.vandervort@yahoo.com
457,Johnette Fadel,19,conchita.lakin@hotmail.com
458,Phuong Corkery,41,shayne.beier@gmail.com
459,Jerry Will,46,merlin.abshire@gmail.com
460,Cecille Stokes Sr.,28,forrest.pouros@hotmail.com
461,Elda Douglas,46,romeo.hammes@gmail.com
462,Dean Cassin,47,lanny.denesik@hotmail.com
463,Joesph Rice,62,ferne.hoeger@yahoo.com
464,Fern Gleason,20,greg.bernhard@hotmail.com
465,Dr. Timika Dach,46,margot.kiehn@yahoo.com
466,Emory Price,65,brooke.mitchell@gmail.com
467,Jackie Breitenberg,18,isabel.yost@yahoo.com
468,Margot Kautzer,57,gabriele.veum@yahoo.com
469,Randa Herman,53,alexis.murray@yahoo.com
470,Lucie Parker,64,bernadette.bartell@yahoo.com
471,Nathanial Ebert,40,cathleen.hudson@yahoo.com
472,Lulu Auer,67,clint.johnson@gmail.com
473,Harry Gaylord,70,monty.kuhn@yahoo.com
474,Alfredo Kilback,27,tammi.weimann@hotmail.com
475,Roger Mohr V,43,archie.wunsch@yahoo.com
476,Domitila Schmidt,70,abdul.jerde@yahoo.com
477,Eulah Spencer PhD,67,leticia.marquardt@gmail.com
478,Ms. Raymon Mohr,46,malorie.towne@gmail.com
479,Rosana Casper,40,tennie.koepp@yahoo.com
480,Darrin Dibbert,39,perry.kris@yahoo.com
481,Kayleen Lind,68,song.schowalter@yahoo.com
482,Digna Funk,45,karl.davis@yahoo.com
483,Kelvin Wisoky,19,un.streich@hotmail.com
484,Brian Jast,27,micheline.hahn@hotmail.com
485,Mrs. Stephaine Balistreri,29,marlin.roob@hotmail.com
486,Stacee Connelly,39,eden.oconner@yahoo.com
487,Ezra Metz,51,abe.boyle@gmail.com
488,Emilia Little,23,candy.prohaska@yahoo.com
489,Lyndon Tremblay,61,margart.ankunding@yahoo.com
490,Edwin Ruecker,22,shondra.okeefe@hotmail.com
491,Mr. Irwin King,25,tomas.hartmann@hotmail.com
492,Miss Mohammad Quigley,54,curtis.blick@hotmail.com
493,Tyesha Hilpert,28,latashia.ohara@hotmail.com
494,Ms. Dean Torp,31,oscar.schowalter@yahoo.com
495,Dr. Lani Greenholt,57,julie.trantow@yahoo.com
496,Noel Fisher,70,gabrielle.damore@yahoo.com
497,Millard Nikolaus,60,milan.corkery@gmail.com
498,Earlene Farrell Jr.,48,pamala.kuvalis@hotmail.com
499,Andre Nikolaus,26,frederic.mueller@gmail.com
500,Bradford Heller,36,donnetta.bergstrom@gmail.com
501,Gaye Abbott,63,chaya.casper@hotmail.com
502,Solomon Weissnat DDS,44,ty.roberts@gmail.com
503,Mrs. Daron Cartwright,20,deann.dach@yahoo.com
504,Buford Wehner,20,edgar.bartell@gmail.com
505,Alonso Stiedemann,20,demarcus.boyer@gmail.com
506,Mrs. Chong Bradtke,56,jackie.donnelly@hotmail.com
507,Johnie Parisian PhD,56,austin.hickle@gmail.com
508,Krystyna Torp,65,ralph.emmerich@hotmail.com
509,Mrs. Diego Collins,23,johnnie.weber@gmail.com
510,Queenie Corkery,62,marisol.moore@hotmail.com
511,Miss Bradly Parisian,69,vito.haley@hotmail.com
512,Cesar Hermiston,29,pamela.ondricka@hotmail.com
513,Miss Frederick Rogahn,64,ervin.mcclure@hotmail.com
514,Neida Nader,25,ted.beahan@gmail.com
515,Chong Walker,37,gregory.barton@hotmail.com
516,Ms. Jeni Emmerich,63,hilda.toy@hotmail.com
517,Mrs. Sheldon Kozey,70,vita.orn@yahoo.com
518,Miss Arnold Swift,23,blanca.kirlin@yahoo.com
519,Caleb Koch,68,verda.bogisich@yahoo.com
520,Joaquin Blanda MD,38,greg.kuphal@hotmail.com
521,Mr. Tarra Simonis,40,thanh.mante@yahoo.com
522,Yanira Ernser,45,codi.macejkovic@hotmail.com
523,Garret Howell,60,jerold.wiegand@gmail.com
524,Ms. Penelope Doyle,31,lizeth.rolfson@yahoo.com
525,Merilyn Simonis IV,28,shannon.brakus@gmail.com
526,Fredrick Prohaska II,30,arron.okuneva@gmail.com
527,Mrs. Lance Littel,46,barton.ullrich@gmail.com
528,Byron Steuber,49,glenn.aufderhar@hotmail.com
529,Conrad Littel,28,dann.beatty@yahoo.com
530,Tandy Kuhn,28,edmund.jones@gmail.com
531,Miss Jaymie Champlin,35,evita.denesik@yahoo.com
532,Benedict Brown DDS,27,lulu.schmeler@hotmail.com
533,Raina Littel DVM,47,al.heller@yahoo.com
534,Walter Ullrich PhD,19,yetta.hegmann@gmail.com
535,Tamisha Treutel,73,gaston.fadel@hotmail.com
536,Mistie Padberg,58,isaias.hackett@hotmail.com
537,Wilber Senger,32,elbert.pfannerstill@gmail.com
538,Petronila Brown,18,lorine.konopelski@yahoo.com
539,Bud Sauer,21,bennett.reynolds@hotmail.com
540,Cherryl Olson,37,laverne.mueller@hotmail.com
541,Rickey Feil,36,hal.zulauf@hotmail.com
542,Jarvis Spencer II,22,tommy.grant@yahoo.com
543,Adella Howe,51,santo.spencer@yahoo.com
544,Dalton Boyer,35,catrina.larkin@gmail.com
545,Ms. Theo Abernathy,21,marianne.cartwright@yahoo.com
546,Gabriel Wolff Jr.,56,ethan.gibson@hotmail.com
547,Leonore Wiza,65,candra.mueller@gmail.com
548,Mickey Schowalter,52,stanton.cronin@yahoo.com
549,Milo Senger,46,domenic.oberbrunner@gmail.com
550,Mr. Dian Metz,48,cindie.durgan@yahoo.com
551,Ms. Tomas Beier,34,antonio.robel@yahoo.com
552,Mrs. Sherell Mills,72,luigi.crist@gmail.com
553,Lisandra Torphy,44,china.brown@hotmail.com
554,Adelaida Anderson,53,samantha.feeney@hotmail.com
555,Garfield Rodriguez,24,garry.macejkovic@yahoo.com
556,Moshe Hartmann,72,cleo.dach@hotmail.com
557,Israel Rice,56,lowell.ortiz@gmail.com
558,Brendon Kunze,72,lauri.walter@yahoo.com
559,Charlie Cole,69,wilfred.swift@yahoo.com
560,Tracey Kshlerin,21,timmy.ferry@yahoo.com
561,Jeane Mante,22,marietta.runolfsson@yahoo.com
562,Garry Schamberger,20,katherina.emmerich@hotmail.com
563,Marvella Herman,39,paris.denesik@yahoo.com
564,Mr. Alfred Schaden,20,tricia.daniel@gmail.com
565,Dr. Janis Crona,57,damion.grady@hotmail.com
566,Sherise Balistreri,35,odell.schuster@yahoo.com
567,Devona Kunze,27,charles.fay@yahoo.com
568,Sterling Medhurst,48,tiffaney.lynch@hotmail.com
569,Gail Price,28,hank.boehm@gmail.com
570,Mrs. Rayford Mayert,50,boyce.kovacek@hotmail.com
571,Dusty Maggio,67,walker.blanda@yahoo.com
572,Miguel Gaylord,22,charita.funk@hotmail.com
573,Allyn Schmitt,51,randell.wilkinson@gmail.com
574,Patrick Auer,71,earle.glover@hotmail.com
575,Romeo Schaefer,28,mauricio.schinner@hotmail.com
576,Mireille Rosenbaum,66,donnie.mraz@yahoo.com
577,Maurice Kassulke III,21,gayla.russel@yahoo.com
578,Gretchen Schinner,31,jimmie.morissette@yahoo.com
579,Rupert Gottlieb,58,margorie.zemlak@gmail.com
580,Guadalupe McKenzie,25,angel.leffler@yahoo.com
581,Andres Considine,60,jerome.damore@gmail.com
582,Nyla Schuppe,26,brandon.feil@gmail.com
583,Lindsay Lebsack,59,kyung.marquardt@yahoo.com
584,Gracie Brown,66,felton.russel@gmail.com
585,Lincoln Harber,31,bruce.padberg@yahoo.com
586,Jamar Carroll,70,mickey.williamson@gmail.com
587,Peggie Sanford,19,vanesa.kiehn@hotmail.com
588,Josef Bartell,70,darwin.hahn@yahoo.com
589,Artie Hermiston,64,jacelyn.hayes@hotmail.com
590,Simonne Hahn IV,21,larry.stiedemann@gmail.com
591,Kary Hirthe,34,patty.schmidt@yahoo.com
592,Deshawn Marvin,40,leanne.mitchell@yahoo.com
593,Maud Crooks,57,audrey.dubuque@gmail.com
594,Vertie Nader,36,andree.johns@gmail.com
595,Kristopher Pagac I,27,kami.walsh@yahoo.com
596,Mrs. Arlene Mante,31,eden.zemlak@hotmail.com
597,Bart Anderson,64,jacquline.turcotte@yahoo.com
598,Dahlia Senger,26,elenore.veum@hotmail.com
599,Duncan Gulgowski,20,kasey.corkery@yahoo.com
600,Miss Cedric Morissette,34,andreas.orn@yahoo.com
601,Daren Wilkinson,23,newton.harris@hotmail.com
602,Merilyn Willms,36,shelby.gutkowski@gmail.com
603,Iluminada Pfannerstill,22,luigi.hilll@gmail.com
604,Graciela Herman,66,marnie.bosco@gmail.com
605,Argelia Kertzmann,22,beth.gerlach@hotmail.com
606,Wes Champlin,30,alfredia.hodkiewicz@yahoo.com
607,Gertude Batz,71,carlton.ankunding@yahoo.com
608,Art Denesik,68,erik.crist@hotmail.com
609,Kory Bartoletti,70,jade.stokes@hotmail.com
610,Mrs. Chery Lubowitz,60,brenton.shields@hotmail.com
611,Priscila Kassulke,26,rosalind.kshlerin@gmail.com
612,Babette Leuschke,50,rafaela.parker@hotmail.com
613,Lanell Cummerata,26,tonisha.runolfsson@gmail.com
614,Tierra Russel V,56,brain.labadie@gmail.com
615,Miss Curt Donnelly,39,gayle.miller@yahoo.com
616,Helena Hagenes Jr.,55,latonia.swift@gmail.com
617,Ed Schulist Jr.,26,son.wuckert@hotmail.com
618,Lonny Trantow,23,zackary.corwin@gmail.com
619,Zandra Gaylord,57,georgeann.connelly@gmail.com
620,Karma Altenwerth,68,leslie.bergnaum@yahoo.com
621,Carlotta Huel PhD,45,jospeh.tromp@yahoo.com
622,Mrs. Hallie Dooley,71,elbert.mraz@gmail.com
623,Sunday Emmerich,35,sona.roberts@gmail.com
624,Jarod Jacobs,72,angel.ullrich@gmail.com
625,Arden Funk,22,kena.flatley@gmail.com
626,Orville Daniel,69,elizbeth.berge@hotmail.com
627,Ms. Erwin Dicki,50,james.carroll@gmail.com
628,German Hayes,48,alvaro.schneider@hotmail.com
629,Ettie Brown,69,stacey.renner@gmail.com
630,Cheyenne Bogisich,72,monroe.hayes@gmail.com
631,Santo Klocko,49,janessa.gleason@yahoo.com
632,Valentina Romaguera,48,norberto.hackett@yahoo.com
633,Christie Green,56,elvis.bogan@hotmail.com
634,Hilton Champlin,58,wen.strosin@gmail.com
635,Oneida Hilpert,70,pasquale.kiehn@gmail.com
636,Cornelius Schimmel,61,eugene.mante@hotmail.com
637,Ms. Darryl D'Amore,43,alexis.macgyver@hotmail.com
638,Marcos VonRueden,69,anastacia.leannon@hotmail.com
639,Samuel Haley,64,myron.boyle@yahoo.com
640,Ms. Samara Ferry,30,verona.jones@hotmail.com
641,Sigrid Torphy,33,cassie.sauer@gmail.com
642,Mrs. Tiesha Rath,65,ty.koch@hotmail.com
643,Curtis Roberts,35,wm.bergnaum@yahoo.com
644,Joey Raynor,67,diann.goyette@yahoo.com
645,Marylynn Ernser,59,angel.prosacco@gmail.com
646,Miss Wilmer Kertzmann,40,bee.smitham@hotmail.com
647,Mr. Majorie Mayer,21,hortense.wyman@yahoo.com
648,Dr. Gerry Stehr,70,sharlene.ledner@gmail.com
649,Randell Dietrich,47,harrison.corkery@gmail.com
650,Dylan Botsford,65,song.dietrich@yahoo.com
651,Charlott Turner,37,josefina.altenwerth@hotmail.com
652,Quinton Prohaska,55,ronald.harber@gmail.com
653,Miss Brice Lynch,32,tama.mann@hotmail.com
654,Miss Mercedes Robel,26,ciara.sawayn@yahoo.com
655,Alvin Volkman,63,gustavo.haley@gmail.com
656,Warner Spinka,70,annetta.kertzmann@yahoo.com
657,Noel Kassulke Sr.,45,mari.goldner@hotmail.com
658,Connie Littel Jr.,66,charissa.howe@yahoo.com
659,Miss Tony Murray,63,wilbert.bartoletti@hotmail.com
660,Del Reilly,25,kirby.thiel@gmail.com
661,Antonio Harber,34,gerry.williamson@yahoo.com
662,Ms. Yoshie Schneider,73,arla.jenkins@yahoo.com
663,Dr. Delphia Sipes,52,daniell.okon@yahoo.com
664,Elden Hoeger,58,nick.oconnell@gmail.com
665,Mindy Schulist,40,lucien.miller@hotmail.com
666,Jessie Pouros,61,titus.kuhn@gmail.com
667,Marquerite Reichel DDS,31,gilma.gusikowski@gmail.com
668,Freddy Adams,38,charlie.mante@yahoo.com
669,Harriette Murphy,25,myron.rosenbaum@hotmail.com
670,Arnette Graham III,46,chad.gottlieb@hotmail.com
671,Harland Powlowski,44,adeline.konopelski@gmail.com
672,Chas Grimes,18,cameron.gaylord@hotmail.com
673,Quinn Witting,60,gerry.roob@yahoo.com
674,Emanuel Borer II,32,mindy.considine@yahoo.com
675,Melinda Mann,29,edna.kozey@gmail.com
676,Man Lowe II,72,tessa.hirthe@hotmail.com
677,Ronny Lebsack,52,armida.berge@hotmail.com
678,Lashawnda Ledner,65,sammie.bode@yahoo.com
679,Mrs. Chae Lakin,27,carmine.macgyver@hotmail.com
680,Bruce McLaughlin,40,olive.hartmann@yahoo.com
681,Donnie Tillman,42,ned.gleichner@hotmail.com
682,Barney Crooks DVM,59,saul.stroman@hotmail.com
683,Austin Feest,67,maurine.marvin@hotmail.com
684,Noreen Vandervort,63,jeramy.batz@gmail.com
685,Wesley Klocko,41,tommy.boehm@hotmail.com
686,Tracy Yundt,71,lieselotte.runte@gmail.com
687,Esta Denesik,32,mitsuko.monahan@yahoo.com
688,Man Fahey,40,jim.sporer@yahoo.com
689,Jerome Pollich,68,bart.heidenreich@gmail.com
690,Teri Bednar,32,willie.quitzon@gmail.com
691,Freeman Hegmann PhD,67,dion.grady@hotmail.com
692,Horacio Leuschke,47,siobhan.predovic@yahoo.com
693,Tawna Lynch,25,andy.deckow@gmail.com
694,Kiley Hoppe,50,melda.windler@gmail.com
695,Glen Hagenes,54,ferdinand.feil@hotmail.com
696,Ozella Weissnat,39,mardell.collier@yahoo.com
697,Jonathon Oberbrunner,69,tiana.medhurst@hotmail.com
698,Ms. Johnnie Pfannerstill,59,ta.jast@hotmail.com
699,Cyril Reichert PhD,28,antone.abbott@gmail.com
700,Margarete Bernhard,26,victor.murray@yahoo.com
701,Tennie Kuphal,43,reginia.brown@hotmail.com
702,Alvin Rempel,41,buddy.metz@hotmail.com
703,Quincy Hayes,55,son.watsica@hotmail.com
704,Percy Cassin Jr.,39,jacqualine.torp@gmail.com
705,Mr. Trey Hane,28,penni.carter@hotmail.com
706,Dr. Riley Champlin,47,christeen.frami@hotmail.com
707,Ta Ryan,53,alesia.shanahan@yahoo.com
708,Miss Minh Bosco,29,cris.hamill@gmail.com
709,Kathlyn Jacobson,54,kenda.orn@hotmail.com
710,Del Predovic,59,pearlene.wuckert@yahoo.com
711,Clelia Schaefer,61,delois.damore@gmail.com
712,Iva Rutherford,43,mignon.schinner@gmail.com
713,Mrs. Corrine Wiegand,45,cyndi.kutch@yahoo.com
714,Rene Christiansen,47,hulda.reynolds@hotmail.com
715,Miss Lino Stehr,67,kristen.ferry@gmail.com
716,Kemberly Boyle,23,nohemi.bauch@hotmail.com
717,Deidre Barrows,54,chiquita.denesik@yahoo.com
718,Jacob Harris,55,shu.hackett@gmail.com
719,Kyung MacGyver,67,oliver.gleichner@hotmail.com
720,Ariel Boyer,53,victor.osinski@hotmail.com
721,Tod Reichel Jr.,25,robena.veum@hotmail.com
722,Arletta Crooks,54,ross.jakubowski@hotmail.com
723,Makeda Zieme,27,pasquale.carter@yahoo.com
724,Numbers Lockman,38,bradly.block@yahoo.com
725,Miss Gayle Ratke,25,modesta.kozey@hotmail.com
726,Keren Bednar II,53,wiley.sawayn@yahoo.com
727,Andres Brakus,57,hoyt.cassin@gmail.com
728,Miss Miriam Bode,72,graham.marquardt@yahoo.com
729,Jamison Hyatt PhD,64,minda.ruecker@hotmail.com
730,Parker Bergnaum III,46,angele.flatley@gmail.com
731,Victor Kohler Jr.,50,jimmie.runolfsdottir@yahoo.com
732,Arthur Waters,31,zachery.mckenzie@yahoo.com
733,Dr. Regina Hettinger,50,blair.monahan@yahoo.com
734,Sam Wisoky,43,van.auer@hotmail.com
735,Kory McKenzie,68,oralia.conn@gmail.com
736,Mickey Yundt,51,kieth.simonis@gmail.com
737,Fernando Cruickshank,57,cuc.murray@hotmail.com
738,Ailene Gutmann,31,milan.lang@gmail.com
739,Anthony Stoltenberg,23,sharyn.hartmann@yahoo.com
740,Claris Feil,49,ismael.nitzsche@gmail.com
741,Abigail Goldner,19,dewey.mosciski@hotmail.com
742,Kris Feil,24,raphael.wehner@hotmail.com
743,Jospeh Kuhlman V,45,yasuko.roob@yahoo.com
744,Norman Mertz,26,emilia.von@hotmail.com
745,Scot Rippin Sr.,50,ellyn.botsford@hotmail.com
746,Larita Morar,33,vonda.keeling@yahoo.com
747,Matilde Rogahn,28,birdie.hand@hotmail.com
748,Danyel Friesen,58,shandra.adams@gmail.com
749,Jan Connelly,19,oliver.homenick@gmail.com
750,Sherwood Beatty,25,domenica.roob@hotmail.com
751,Miss Emil Hyatt,55,chet.bode@yahoo.com
752,Demetrius Oberbrunner DDS,46,bethel.klocko@yahoo.com
753,Elias Yundt,70,sonja.mohr@yahoo.com
754,Mr. Edelmira Dare,31,pei.stokes@yahoo.com
755,Ying Quigley,58,sharla.wilkinson@hotmail.com
756,Leona Pacocha,51,lissa.hagenes@hotmail.com
757,Jerome Halvorson,65,rhoda.shanahan@yahoo.com
758,Dr. Sol O'Connell,28,foster.morissette@hotmail.com
759,Tommie Dickinson I,20,detra.windler@gmail.com
760,Willis Harvey,29,lilia.mosciski@hotmail.com
761,Marcus Cormier,43,henrietta.glover@gmail.com
762,Antoine Strosin V,63,joseph.huel@gmail.com
763,Elwanda Pacocha,33,iliana.kovacek@hotmail.com
764,Stephania Wilderman,53,tajuana.runolfsdottir@yahoo.com
765,Arlette Ebert,57,jerald.ratke@gmail.com
766,Lai Torp,55,marica.kutch@hotmail.com
767,Dr. Dan Kemmer,54,madaline.donnelly@gmail.com
768,Abe Ruecker,56,criselda.reichel@hotmail.com
769,Magda Ferry,67,joe.gislason@gmail.com
770,Mose Dach,38,marcell.mann@yahoo.com
771,Vilma Oberbrunner,61,clarissa.toy@yahoo.com
772,Hettie Steuber,68,frances.corwin@hotmail.com
773,Errol Vandervort,52,adelina.leannon@gmail.com
774,Ms. Malorie Beahan,52,antonia.schroeder@yahoo.com
775,Abigail Upton III,47,diana.emmerich@hotmail.com
776,Galina Schulist,50,waylon.beatty@hotmail.com
777,Dominic Murazik,70,bella.halvorson@gmail.com
778,Maynard Schaden PhD,28,kennith.oberbrunner@yahoo.com
779,Piedad Howell,23,kevin.larson@yahoo.com
780,Sudie Raynor,61,randall.jenkins@yahoo.com
781,Mrs. Hiram Smith,19,clifton.hickle@hotmail.com
782,Kena Friesen,72,jude.reichert@yahoo.com
783,Angeline Schultz,71,nga.windler@hotmail.com
784,Nieves Lowe III,29,carlie.gleason@hotmail.com
785,Mireya Ebert,63,loris.gutkowski@hotmail.com
786,Yolando Bayer,53,willian.renner@gmail.com
787,Ermelinda Ullrich,28,madaline.mueller@yahoo.com
788,Harlan Volkman,69,sima.cruickshank@yahoo.com
789,Demarcus Zboncak,31,douglas.shanahan@hotmail.com
790,Marcell Renner,39,madelene.bosco@gmail.com
791,Marisol Renner,57,peggie.boyer@gmail.com
792,Brad Funk,62,hassie.wilderman@yahoo.com
793,Dr. Ricardo Haley,34,sterling.shanahan@hotmail.com
794,Denita Macejkovic,20,diedra.king@gmail.com
795,Ellyn Kilback PhD,60,herta.becker@hotmail.com
796,Ms. Elaine Hauck,22,dalton.wolf@gmail.com
797,France Conroy II,21,duncan.dibbert@yahoo.com
798,Mr. Gerry Weber,55,dino.sanford@hotmail.com
799,Mr. Edwina Sanford,20,jesusita.crona@yahoo.com
800,Max Bode,70,avery.gulgowski@yahoo.com
801,Miss Maxwell Sporer,38,wan.kilback@yahoo.com
802,Denny Spinka,46,alina.oconner@yahoo.com
803,Ellie Hilll,57,consuela.emard@yahoo.com
804,Lesley Hoppe,42,al.ohara@yahoo.com
805,Marcel Doyle V,33,taneka.berge@hotmail.com
806,Dr. Phebe Hettinger,35,alfonso.king@hotmail.com
807,Kent Kiehn,54,ricarda.goyette@gmail.com
808,Mr. Duncan Sawayn,64,dwain.aufderhar@yahoo.com
809,Na Denesik,68,tia.hamill@hotmail.com
810,Merlin Gerlach,29,sena.walker@hotmail.com
811,Man Wisozk,53,jeanice.prosacco@hotmail.com
812,Dustin Nikolaus,33,lizbeth.murray@gmail.com
813,Joetta Grimes,22,hoyt.ohara@gmail.com
814,Brittni Grant,47,kristyn.ledner@yahoo.com
815,Barrett Brakus,25,rudolph.bahringer@hotmail.com
816,Willis Runte,43,eli.hackett@yahoo.com
817,Dr. Eldon Donnelly,46,cindi.howe@yahoo.com
818,Estefana Bayer,33,roman.dietrich@yahoo.com
819,Herman Mosciski,72,gerardo.reichel@hotmail.com
820,Erik Hickle,51,fabiola.boyer@gmail.com
821,Stephnie Nicolas,51,jaquelyn.koss@hotmail.com
822,Reyes Hamill,65,murray.kuphal@hotmail.com
823,Travis Miller,23,margaret.grant@gmail.com
824,Jeanmarie Marks DVM,26,joel.keebler@hotmail.com
825,Jeromy Halvorson,70,gabriel.fisher@gmail.com
826,Diedre Schneider,58,jada.kirlin@yahoo.com
827,Lavette Kuhn,48,robyn.glover@hotmail.com
828,Mrs. Bernie Nienow,36,monserrate.luettgen@yahoo.com
829,Jimmie Dach MD,64,tegan.dickens@gmail.com
830,Kent Koss,38,lavonda.mckenzie@hotmail.com
831,Elyse Sanford,54,stephenie.mueller@yahoo.com
832,Suk Klein,53,luther.mclaughlin@gmail.com
833,Laverne Barrows,72,brent.oberbrunner@yahoo.com
834,Humberto Gibson,64,gale.kuhlman@yahoo.com
835,Mariann Zieme IV,24,collin.watsica@gmail.com
836,Nicky Blick,19,shannon.schulist@yahoo.com
837,Mr. Jackelyn Weissnat,57,nydia.daniel@gmail.com
838,Dr. Kevin Lynch,50,colby.mann@yahoo.com
839,Bret Jast,35,noe.moen@yahoo.com
840,Audrie Daniel MD,20,tristan.kris@hotmail.com
841,Meta O'Conner,58,anastasia.orn@gmail.com
842,Elisha Huel,51,justa.jast@hotmail.com
843,Stephine Grady,37,ai.yost@hotmail.com
844,Randal Thiel,36,randolph.grady@gmail.com
845,Herman Kemmer,20,violeta.denesik@yahoo.com
846,Tawnya Harvey,38,lindsay.graham@hotmail.com
847,August Hegmann Sr.,73,gail.legros@gmail.com
848,Beulah King,30,carmine.schmitt@yahoo.com
849,Ms. Arlena Barrows,29,alfred.kshlerin@gmail.com
850,Leanora Goldner,19,frank.flatley@yahoo.com
851,Dr. Mitchel Waters,43,drew.towne@hotmail.com
852,Santo Leuschke,72,maxwell.crist@hotmail.com
853,Nathan Tillman,60,max.rath@yahoo.com
854,Shoshana Ziemann,72,casey.crooks@gmail.com
855,Victoria Jacobs II,26,freddy.rippin@hotmail.com
856,Ouida Greenholt,42,daren.johnson@gmail.com
857,Altha Prosacco,49,brendan.kris@hotmail.com
858,Brady Smith,72,rozanne.schmeler@hotmail.com
859,Miss Joaquin Sanford,33,kenda.kilback@yahoo.com
860,Terrence Walsh,63,tyler.cormier@hotmail.com
861,Bok Strosin,72,neda.gorczany@hotmail.com
862,Aiko Kohler,33,joann.kuhlman@gmail.com
863,Don Hodkiewicz,48,burl.labadie@hotmail.com
864,Mr. Katelynn Heller,45,pansy.doyle@yahoo.com
865,Eldridge Sanford,66,alta.trantow@gmail.com
866,Colton Botsford,29,mahalia.champlin@yahoo.com
867,Michael Langosh,26,joel.hilll@hotmail.com
868,Imogene Keeling,70,latisha.bechtelar@yahoo.com
869,Ms. Reyna Stokes,59,long.jaskolski@gmail.com
870,Johnie Huels,39,rolland.tillman@hotmail.com
871,Miss Henrietta Hodkiewicz,30,conrad.greenfelder@gmail.com
872,Tiffanie Daniel,73,isaac.pollich@yahoo.com
873,Ellsworth Rogahn,62,irwin.krajcik@gmail.com
874,Herma Crona,51,eboni.ortiz@yahoo.com
875,Brook Murphy,63,junie.altenwerth@yahoo.com
876,Kandra Wisozk II,50,claudine.boehm@hotmail.com
877,Veronika Rodriguez,44,omega.stiedemann@hotmail.com
878,Boris Wilderman,60,alfonzo.stokes@gmail.com
879,Marica Jast,27,jazmine.rutherford@gmail.com
880,Elbert Kovacek,59,riley.hirthe@yahoo.com
881,Avis Grant,61,stephan.cormier@gmail.com
882,Mariah Runte,65,kemberly.walsh@yahoo.com
883,Mrs. Trevor Johns,48,pierre.kshlerin@yahoo.com
884,Takisha Runte,26,cyrus.rempel@yahoo.com
885,Nicolle Stehr,47,luis.ritchie@gmail.com
886,Missy Mueller,35,tish.botsford@gmail.com
887,Ms. Chung Swaniawski,64,dennis.schoen@yahoo.com
888,Enoch Weber,38,rey.tromp@hotmail.com
889,Joye Predovic Jr.,60,lovie.runte@hotmail.com
890,Zack Lemke II,67,long.rice@gmail.com
891,Tracie Kirlin,25,phoebe.kessler@yahoo.com
892,Miss Billye Jaskolski,18,dusty.kuhic@hotmail.com
893,Charlie Prosacco,37,kendrick.ohara@hotmail.com
894,Leo Reinger DVM,63,kraig.stark@yahoo.com
895,Carmen Willms,32,gayle.luettgen@yahoo.com
896,Mr. Lesley Haag,66,liza.ruecker@hotmail.com
897,Helaine Auer,37,sheridan.smitham@gmail.com
898,Wilbert Wolff,19,huey.huel@gmail.com
899,Jamie Hagenes PhD,34,nancee.haag@hotmail.com
900,Austin Simonis V,67,chong.schmeler@hotmail.com
901,Magdalene Kovacek,38,justina.luettgen@gmail.com
902,Nilsa Wisozk MD,20,susy.price@gmail.com
903,Hester Bosco V,33,andrea.kautzer@gmail.com
904,Nelson Conn,23,ozella.huels@hotmail.com
905,Mikaela Glover Sr.,51,khalilah.mohr@yahoo.com
906,Darius Schamberger,57,leonore.beatty@hotmail.com
907,Theo Larson,20,stefany.mclaughlin@gmail.com
908,Tony Hodkiewicz,68,hiroko.connelly@yahoo.com
909,Kymberly Lind Sr.,59,ardith.muller@yahoo.com
910,Glenn Hermann,38,stan.grady@gmail.com
911,Teisha Smitham Sr.,25,edgar.zieme@gmail.com
912,Lucille Wehner,73,mattie.schneider@gmail.com
913,Julene Rempel IV,67,elvis.collins@hotmail.com
914,Elvira Russel I,27,casie.rippin@yahoo.com
915,Joan Murazik,36,randa.kemmer@yahoo.com
916,Ms. Lila Upton,29,ervin.trantow@gmail.com
917,Gonzalo Schaefer,31,stacie.lang@hotmail.com
918,Cortez McGlynn,43,roscoe.gerhold@hotmail.com
919,Lawanna Corwin,71,tiny.witting@yahoo.com
920,Ms. Florida Mitchell,28,karlyn.welch@yahoo.com
921,Elroy Pouros,61,tracie.vonrueden@yahoo.com
922,Hobert Bashirian,66,sima.schuster@yahoo.com
923,Roderick Reichert,64,alvaro.toy@hotmail.com
924,Lucille Roob II,69,lesa.kunde@yahoo.com
925,Brett Wuckert,61,seema.weber@yahoo.com
926,Stacey Gleason,33,ina.fritsch@hotmail.com
927,Verlie Hayes,72,dusty.stanton@yahoo.com
928,Bulah Kessler,32,despina.cummings@gmail.com
929,Odis Okuneva V,66,lovella.blanda@yahoo.com
930,Denis Franecki,47,donna.bahringer@gmail.com
931,Paige Bogisich,46,silva.ratke@gmail.com
932,Winfred Cruickshank,68,marci.hegmann@yahoo.com
933,Larry Gulgowski,63,myesha.ratke@hotmail.com
934,Jessie Mills,57,elizbeth.donnelly@hotmail.com
935,Dot Bernier,31,andrea.heathcote@gmail.com
936,Carline Schoen IV,36,houston.connelly@gmail.com
937,Graham Spencer,57,iliana.cronin@gmail.com
938,Billie Grady PhD,45,delpha.ankunding@gmail.com
939,Georgia MacGyver,22,paige.reynolds@yahoo.com
940,Jim Armstrong DDS,29,sachiko.ferry@gmail.com
941,Mrs. Javier Walter,30,elene.weimann@gmail.com
942,Anglea Abbott II,55,sal.keeling@gmail.com
943,Mildred Bartell,43,myrle.waelchi@gmail.com
944,Stanley Hauck IV,57,corene.fahey@gmail.com
945,Dalene Pfannerstill,28,nathan.mcdermott@yahoo.com
946,Rico Upton,22,louis.dickinson@yahoo.com
947,Shala Beahan,65,carlota.kovacek@gmail.com
948,Conrad Quitzon,34,karissa.gottlieb@hotmail.com
949,Hilma Goldner,59,gabrielle.franecki@gmail.com
950,Ms. Santo Stokes,26,herschel.towne@yahoo.com
951,Rhiannon Barrows,22,clora.koch@gmail.com
952,Ms. Dannielle Bruen,41,lyndon.skiles@gmail.com
953,Brant Kassulke,18,meagan.deckow@hotmail.com
954,Carmel Purdy III,36,vince.lang@hotmail.com
955,Ms. Stanford Streich,45,danial.bogan@yahoo.com
956,Ira Gutmann PhD,28,allyson.beer@gmail.com
957,Kerry Lueilwitz,53,mamie.huel@gmail.com
958,Charmaine Harber,27,nickolas.doyle@gmail.com
959,Buddy Beer PhD,26,janna.bechtelar@hotmail.com
960,Kathryne Cartwright,37,charlie.schmidt@yahoo.com
961,Antwan Weber,69,caroline.hyatt@hotmail.com
962,Marquerite Okuneva,23,jamila.mayer@gmail.com
963,Cristobal Kris III,68,skye.moore@gmail.com
964,Diane Feeney,62,adriana.anderson@hotmail.com
965,Ms. Corrinne Kovacek,66,kasi.lehner@hotmail.com
966,Clair Lehner III,56,brett.rogahn@yahoo.com
967,Tarsha Dare,21,leisa.terry@yahoo.com
968,Valentine Senger,26,elisha.ruecker@yahoo.com
969,Eloise Spencer,19,romona.bosco@yahoo.com
970,Dr. Randy Walker,69,peg.hahn@gmail.com
971,Tommye Braun III,25,alanna.lockman@hotmail.com
972,Chuck Grimes IV,49,katia.johnson@hotmail.com
973,Lane Nienow,64,fermin.kuphal@hotmail.com
974,Clement Schumm PhD,51,cristobal.ledner@hotmail.com
975,Gregory Lehner,62,marylou.gusikowski@hotmail.com
976,Traci Haley IV,51,rex.gorczany@yahoo.com
977,Miss Elliott McDermott,54,serina.oreilly@yahoo.com
978,Celena Weissnat,54,kaleigh.ryan@hotmail.com
979,Johnette Oberbrunner III,64,jessi.nikolaus@yahoo.com
980,Anderson Balistreri,33,toby.dooley@hotmail.com
981,Ms. Russ Frami,60,shelby.marks@gmail.com
982,Ms. Hector Vandervort,38,norris.wehner@hotmail.com
983,Benito Rau,36,werner.sanford@yahoo.com
984,Dr. Kirk Runte,61,ozzie.jakubowski@yahoo.com
985,Mr. Ester Corkery,65,marilynn.kihn@hotmail.com
986,Patrica Lesch,59,chanelle.hauck@gmail.com
987,Mrs. Synthia Beier,19,sima.larson@hotmail.com
988,Ms. Amparo Torphy,39,coy.balistreri@yahoo.com
989,Eunice Runolfsson,30,rickie.olson@hotmail.com
990,George VonRueden II,50,roxy.smitham@hotmail.com
991,Malcolm Grant PhD,48,sanford.gulgowski@hotmail.com
992,Justin Crooks,23,chelsey.marquardt@gmail.com
993,Vito Bode,45,keli.waelchi@gmail.com
994,Walter Murphy,35,annett.yost@gmail.com
995,Margaretta Ruecker,66,al.boyle@gmail.com
996,Winston Langworth,32,sharilyn.blanda@hotmail.com
997,Vasiliki Gleason,43,ahmed.wolff@gmail.com
998,Horace Dach,37,raguel.trantow@hotmail.com
999,Sheron Heller,37,marielle.hudson@hotmail.com
1000,Devora Smith,41,teddy.mayer@hotmail.com
